{
  "hash": "7fb31faa",
  "configHash": "92dc7763",
  "lockfileHash": "9ea7ef27",
  "browserHash": "045c7062",
  "optimized": {
    "@angular/core": {
      "src": "../../../../../../node_modules/@angular/core/fesm2022/core.mjs",
      "file": "@angular_core.js",
      "fileHash": "f2810e7a",
      "needsInterop": false
    },
    "@angular/platform-browser": {
      "src": "../../../../../../node_modules/@angular/platform-browser/fesm2022/platform-browser.mjs",
      "file": "@angular_platform-browser.js",
      "fileHash": "c7f8d444",
      "needsInterop": false
    },
    "@angular/router": {
      "src": "../../../../../../node_modules/@angular/router/fesm2022/router.mjs",
      "file": "@angular_router.js",
      "fileHash": "24eb095f",
      "needsInterop": false
    }
  },
  "chunks": {
    "chunk-QKOSJ7JN": {
      "file": "chunk-QKOSJ7JN.js"
    },
    "chunk-ICDOO44F": {
      "file": "chunk-ICDOO44F.js"
    }
  }
}