{
  "hash": "a6814a44",
  "configHash": "e7435db6",
  "lockfileHash": "9ea7ef27",
  "browserHash": "93af5d18",
  "optimized": {
    "@angular/core": {
      "src": "../../../../../../node_modules/@angular/core/fesm2022/core.mjs",
      "file": "@angular_core.js",
      "fileHash": "5029e2eb",
      "needsInterop": false
    },
    "@angular/platform-browser": {
      "src": "../../../../../../node_modules/@angular/platform-browser/fesm2022/platform-browser.mjs",
      "file": "@angular_platform-browser.js",
      "fileHash": "e59f66b8",
      "needsInterop": false
    },
    "@angular/platform-server": {
      "src": "../../../../../../node_modules/@angular/platform-server/fesm2022/platform-server.mjs",
      "file": "@angular_platform-server.js",
      "fileHash": "230a1542",
      "needsInterop": false
    },
    "@angular/router": {
      "src": "../../../../../../node_modules/@angular/router/fesm2022/router.mjs",
      "file": "@angular_router.js",
      "fileHash": "e4732482",
      "needsInterop": false
    },
    "@angular/ssr": {
      "src": "../../../../../../node_modules/@angular/ssr/fesm2022/ssr.mjs",
      "file": "@angular_ssr.js",
      "fileHash": "6de5ae1e",
      "needsInterop": false
    },
    "@angular/ssr/node": {
      "src": "../../../../../../node_modules/@angular/ssr/fesm2022/node.mjs",
      "file": "@angular_ssr_node.js",
      "fileHash": "4f31d1ca",
      "needsInterop": false
    },
    "express": {
      "src": "../../../../../../node_modules/express/index.js",
      "file": "express.js",
      "fileHash": "9b55236f",
      "needsInterop": true
    }
  },
  "chunks": {
    "chunk-VV7R55YH": {
      "file": "chunk-VV7R55YH.js"
    },
    "chunk-3OB43OON": {
      "file": "chunk-3OB43OON.js"
    },
    "chunk-WAHHI4OT": {
      "file": "chunk-WAHHI4OT.js"
    },
    "chunk-MFN5PWB7": {
      "file": "chunk-MFN5PWB7.js"
    },
    "chunk-62672OIL": {
      "file": "chunk-62672OIL.js"
    },
    "xhr2-TXIMV6CV": {
      "file": "xhr2-TXIMV6CV.js"
    },
    "chunk-YHCV7DAQ": {
      "file": "chunk-YHCV7DAQ.js"
    }
  }
}